{
	"latitude": 13.08268,
	"longitude": 80.270718,
	"timezone": "Asia/Kolkata",
	"offset": 5.5,
	"currently": {
		"time": 1450213598,
		"summary": "Clear",
		"icon": "clear-night",
		"precipIntensity": 0,
		"precipProbability": 0,
		"temperature": 74.8,
		"apparentTemperature": 74.8,
		"dewPoint": 66.87,
		"humidity": 0.76,
		"windSpeed": 3.54,
		"windBearing": 90,
		"visibility": 3.73,
		"cloudCover": 0.19,
		"pressure": 1012.7,
		"ozone": 251.22
	},
	"hourly": {
		"summary": "Partly cloudy starting tomorrow morning, continuing until tomorrow afternoon.",
		"icon": "partly-cloudy-day",
		"data": [{
			"time": 1450211400,
			"summary": "Clear",
			"icon": "clear-night",
			"precipIntensity": 0,
			"precipProbability": 0,
			"temperature": 74.98,
			"apparentTemperature": 74.98,
			"dewPoint": 66.94,
			"humidity": 0.76,
			"windSpeed": 4.09,
			"windBearing": 91,
			"visibility": 3.73,
			"cloudCover": 0.19,
			"pressure": 1012.9,
			"ozone": 251.18
		}, {
			"time": 1450215000,
			"summary": "Clear",
			"icon": "clear-night",
			"precipIntensity": 0,
			"precipProbability": 0,
			"temperature": 74.68,
			"apparentTemperature": 74.68,
			"dewPoint": 66.83,
			"humidity": 0.77,
			"windSpeed": 3.2,
			"windBearing": 88,
			"visibility": 3.73,
			"cloudCover": 0.19,
			"pressure": 1012.57,
			"ozone": 251.24
		}, {
			"time": 1450218600,
			"summary": "Clear",
			"icon": "clear-night",
			"precipIntensity": 0,
			"precipProbability": 0,
			"temperature": 74.46,
			"apparentTemperature": 74.46,
			"dewPoint": 66.66,
			"humidity": 0.77,
			"windSpeed": 2.3,
			"windBearing": 77,
			"visibility": 3.73,
			"cloudCover": 0.18,
			"pressure": 1012.47,
			"ozone": 251.35
		}, {
			"time": 1450222200,
			"summary": "Clear",
			"icon": "clear-night",
			"precipIntensity": 0,
			"precipProbability": 0,
			"temperature": 74.39,
			"apparentTemperature": 74.39,
			"dewPoint": 66.52,
			"humidity": 0.77,
			"windSpeed": 1.74,
			"windBearing": 56,
			"visibility": 3.73,
			"cloudCover": 0.19,
			"pressure": 1012.5,
			"ozone": 251.53
		}, {
			"time": 1450225800,
			"summary": "Clear",
			"icon": "clear-night",
			"precipIntensity": 0,
			"precipProbability": 0,
			"temperature": 75.09,
			"apparentTemperature": 75.09,
			"dewPoint": 66.88,
			"humidity": 0.76,
			"windSpeed": 1.67,
			"windBearing": 40,
			"visibility": 3.73,
			"cloudCover": 0.19,
			"pressure": 1012.81,
			"ozone": 251.8
		}, {
			"time": 1450229400,
			"summary": "Clear",
			"icon": "clear-day",
			"precipIntensity": 0,
			"precipProbability": 0,
			"temperature": 76.17,
			"apparentTemperature": 76.17,
			"dewPoint": 67.26,
			"humidity": 0.74,
			"windSpeed": 1.83,
			"windBearing": 35,
			"visibility": 3.73,
			"cloudCover": 0.2,
			"pressure": 1013.47,
			"ozone": 252.21
		}, {
			"time": 1450233000,
			"summary": "Clear",
			"icon": "clear-day",
			"precipIntensity": 0,
			"precipProbability": 0,
			"temperature": 77.19,
			"apparentTemperature": 77.19,
			"dewPoint": 67.39,
			"humidity": 0.72,
			"windSpeed": 2.15,
			"windBearing": 43,
			"cloudCover": 0.23,
			"pressure": 1014.11,
			"ozone": 252.59
		}, {
			"time": 1450236600,
			"summary": "Partly Cloudy",
			"icon": "partly-cloudy-day",
			"precipIntensity": 0,
			"precipProbability": 0,
			"temperature": 78.41,
			"apparentTemperature": 78.41,
			"dewPoint": 67.61,
			"humidity": 0.7,
			"windSpeed": 2.94,
			"windBearing": 62,
			"cloudCover": 0.25,
			"pressure": 1014.46,
			"ozone": 252.79
		}, {
			"time": 1450240200,
			"summary": "Partly Cloudy",
			"icon": "partly-cloudy-day",
			"precipIntensity": 0,
			"precipProbability": 0,
			"temperature": 80.34,
			"apparentTemperature": 83.09,
			"dewPoint": 68.33,
			"humidity": 0.67,
			"windSpeed": 4.66,
			"windBearing": 79,
			"cloudCover": 0.28,
			"pressure": 1014.61,
			"ozone": 252.86
		}, {
			"time": 1450243800,
			"summary": "Partly Cloudy",
			"icon": "partly-cloudy-day",
			"precipIntensity": 0,
			"precipProbability": 0,
			"temperature": 82.7,
			"apparentTemperature": 86.49,
			"dewPoint": 69.56,
			"humidity": 0.65,
			"windSpeed": 6.6,
			"windBearing": 87,
			"cloudCover": 0.3,
			"pressure": 1014.59,
			"ozone": 252.81
		}, {
			"time": 1450247400,
			"summary": "Partly Cloudy",
			"icon": "partly-cloudy-day",
			"precipIntensity": 0,
			"precipProbability": 0,
			"temperature": 84.72,
			"apparentTemperature": 89.8,
			"dewPoint": 70.86,
			"humidity": 0.63,
			"windSpeed": 7.77,
			"windBearing": 88,
			"cloudCover": 0.28,
			"pressure": 1014.25,
			"ozone": 252.62
		}, {
			"time": 1450251000,
			"summary": "Clear",
			"icon": "clear-day",
			"precipIntensity": 0,
			"precipProbability": 0,
			"temperature": 85.88,
			"apparentTemperature": 91.84,
			"dewPoint": 71.63,
			"humidity": 0.63,
			"windSpeed": 8.33,
			"windBearing": 85,
			"cloudCover": 0.23,
			"pressure": 1013.47,
			"ozone": 252.25
		}, {
			"time": 1450254600,
			"summary": "Clear",
			"icon": "clear-day",
			"precipIntensity": 0,
			"precipProbability": 0,
			"temperature": 85.38,
			"apparentTemperature": 90.86,
			"dewPoint": 71.18,
			"humidity": 0.63,
			"windSpeed": 8.6,
			"windBearing": 82,
			"cloudCover": 0.17,
			"pressure": 1012.59,
			"ozone": 251.84
		}, {
			"time": 1450258200,
			"summary": "Clear",
			"icon": "clear-day",
			"precipIntensity": 0,
			"precipProbability": 0,
			"temperature": 84.27,
			"apparentTemperature": 89.08,
			"dewPoint": 70.64,
			"humidity": 0.64,
			"windSpeed": 8.71,
			"windBearing": 80,
			"cloudCover": 0.14,
			"pressure": 1011.99,
			"ozone": 251.52
		}, {
			"time": 1450261800,
			"summary": "Clear",
			"icon": "clear-day",
			"precipIntensity": 0,
			"precipProbability": 0,
			"temperature": 82.58,
			"apparentTemperature": 86.63,
			"dewPoint": 70.11,
			"humidity": 0.66,
			"windSpeed": 8.54,
			"windBearing": 78,
			"cloudCover": 0.14,
			"pressure": 1011.57,
			"ozone": 251.25
		}, {
			"time": 1450265400,
			"summary": "Clear",
			"icon": "clear-day",
			"precipIntensity": 0,
			"precipProbability": 0,
			"temperature": 80.86,
			"apparentTemperature": 84.19,
			"dewPoint": 69.63,
			"humidity": 0.69,
			"windSpeed": 8.26,
			"windBearing": 75,
			"cloudCover": 0.13,
			"pressure": 1011.41,
			"ozone": 251.02
		}, {
			"time": 1450269000,
			"summary": "Clear",
			"icon": "clear-night",
			"precipIntensity": 0,
			"precipProbability": 0,
			"temperature": 79.56,
			"apparentTemperature": 79.56,
			"dewPoint": 69.27,
			"humidity": 0.71,
			"windSpeed": 8.1,
			"windBearing": 74,
			"cloudCover": 0.11,
			"pressure": 1011.65,
			"ozone": 250.85
		}, {
			"time": 1450272600,
			"summary": "Clear",
			"icon": "clear-night",
			"precipIntensity": 0,
			"precipProbability": 0,
			"temperature": 78.59,
			"apparentTemperature": 78.59,
			"dewPoint": 69.08,
			"humidity": 0.73,
			"windSpeed": 8.02,
			"windBearing": 74,
			"cloudCover": 0.06,
			"pressure": 1012.34,
			"ozone": 250.72
		}, {
			"time": 1450276200,
			"summary": "Clear",
			"icon": "clear-night",
			"precipIntensity": 0,
			"precipProbability": 0,
			"temperature": 77.86,
			"apparentTemperature": 77.86,
			"dewPoint": 69.06,
			"humidity": 0.74,
			"windSpeed": 7.87,
			"windBearing": 74,
			"cloudCover": 0.01,
			"pressure": 1013.11,
			"ozone": 250.66
		}, {
			"time": 1450279800,
			"summary": "Clear",
			"icon": "clear-night",
			"precipIntensity": 0,
			"precipProbability": 0,
			"temperature": 77.3,
			"apparentTemperature": 77.3,
			"dewPoint": 69.14,
			"humidity": 0.76,
			"windSpeed": 7.54,
			"windBearing": 77,
			"cloudCover": 0,
			"pressure": 1013.6,
			"ozone": 250.68
		}, {
			"time": 1450283400,
			"summary": "Clear",
			"icon": "clear-night",
			"precipIntensity": 0,
			"precipProbability": 0,
			"temperature": 76.86,
			"apparentTemperature": 76.86,
			"dewPoint": 69.22,
			"humidity": 0.77,
			"windSpeed": 7.1,
			"windBearing": 82,
			"cloudCover": 0,
			"pressure": 1013.85,
			"ozone": 250.82
		}, {
			"time": 1450287000,
			"summary": "Clear",
			"icon": "clear-night",
			"precipIntensity": 0,
			"precipProbability": 0,
			"temperature": 76.42,
			"apparentTemperature": 76.42,
			"dewPoint": 69.21,
			"humidity": 0.78,
			"windSpeed": 6.65,
			"windBearing": 87,
			"cloudCover": 0,
			"pressure": 1013.91,
			"ozone": 250.98
		}, {
			"time": 1450290600,
			"summary": "Clear",
			"icon": "clear-night",
			"precipIntensity": 0,
			"precipProbability": 0,
			"temperature": 75.9,
			"apparentTemperature": 75.9,
			"dewPoint": 69.02,
			"humidity": 0.79,
			"windSpeed": 6.16,
			"windBearing": 90,
			"cloudCover": 0.05,
			"pressure": 1013.76,
			"ozone": 251.03
		}, {
			"time": 1450294200,
			"summary": "Clear",
			"icon": "clear-night",
			"precipIntensity": 0,
			"precipProbability": 0,
			"temperature": 75.26,
			"apparentTemperature": 75.26,
			"dewPoint": 68.66,
			"humidity": 0.8,
			"windSpeed": 5.52,
			"windBearing": 91,
			"cloudCover": 0.14,
			"pressure": 1013.3,
			"ozone": 251.02
		}, {
			"time": 1450297800,
			"summary": "Clear",
			"icon": "clear-night",
			"precipIntensity": 0,
			"precipProbability": 0,
			"temperature": 74.64,
			"apparentTemperature": 74.64,
			"dewPoint": 68.21,
			"humidity": 0.8,
			"windSpeed": 4.85,
			"windBearing": 90,
			"cloudCover": 0.24,
			"pressure": 1012.81,
			"ozone": 250.95
		}, {
			"time": 1450301400,
			"summary": "Partly Cloudy",
			"icon": "partly-cloudy-night",
			"precipIntensity": 0,
			"precipProbability": 0,
			"temperature": 74.26,
			"apparentTemperature": 74.26,
			"dewPoint": 67.76,
			"humidity": 0.8,
			"windSpeed": 4.28,
			"windBearing": 89,
			"cloudCover": 0.31,
			"pressure": 1012.52,
			"ozone": 250.82
		}, {
			"time": 1450305000,
			"summary": "Partly Cloudy",
			"icon": "partly-cloudy-night",
			"precipIntensity": 0,
			"precipProbability": 0,
			"temperature": 74.93,
			"apparentTemperature": 74.93,
			"dewPoint": 68.12,
			"humidity": 0.79,
			"windSpeed": 3.79,
			"windBearing": 89,
			"cloudCover": 0.36,
			"pressure": 1012.36,
			"ozone": 250.58
		}, {
			"time": 1450308600,
			"summary": "Partly Cloudy",
			"icon": "partly-cloudy-night",
			"precipIntensity": 0,
			"precipProbability": 0,
			"temperature": 75.72,
			"apparentTemperature": 75.72,
			"dewPoint": 68.49,
			"humidity": 0.78,
			"windSpeed": 3.37,
			"windBearing": 88,
			"cloudCover": 0.42,
			"pressure": 1012.39,
			"ozone": 250.39
		}, {
			"time": 1450312200,
			"summary": "Partly Cloudy",
			"icon": "partly-cloudy-night",
			"precipIntensity": 0,
			"precipProbability": 0,
			"temperature": 76.49,
			"apparentTemperature": 76.49,
			"dewPoint": 68.81,
			"humidity": 0.77,
			"windSpeed": 2.96,
			"windBearing": 86,
			"cloudCover": 0.53,
			"pressure": 1012.74,
			"ozone": 250.42
		}, {
			"time": 1450315800,
			"summary": "Mostly Cloudy",
			"icon": "partly-cloudy-day",
			"precipIntensity": 0,
			"precipProbability": 0,
			"temperature": 77.27,
			"apparentTemperature": 77.27,
			"dewPoint": 69.11,
			"humidity": 0.76,
			"windSpeed": 2.46,
			"windBearing": 81,
			"cloudCover": 0.72,
			"pressure": 1013.45,
			"ozone": 250.71
		}, {
			"time": 1450319400,
			"summary": "Mostly Cloudy",
			"icon": "partly-cloudy-day",
			"precipIntensity": 0,
			"precipProbability": 0,
			"temperature": 78.07,
			"apparentTemperature": 78.07,
			"dewPoint": 69.3,
			"humidity": 0.75,
			"windSpeed": 2.23,
			"windBearing": 75,
			"cloudCover": 0.9,
			"pressure": 1014.16,
			"ozone": 250.98
		}, {
			"time": 1450323000,
			"summary": "Overcast",
			"icon": "cloudy",
			"precipIntensity": 0,
			"precipProbability": 0,
			"temperature": 78.98,
			"apparentTemperature": 78.98,
			"dewPoint": 69.35,
			"humidity": 0.72,
			"windSpeed": 2.61,
			"windBearing": 75,
			"cloudCover": 0.99,
			"pressure": 1014.55,
			"ozone": 251
		}, {
			"time": 1450326600,
			"summary": "Overcast",
			"icon": "cloudy",
			"precipIntensity": 0,
			"precipProbability": 0,
			"temperature": 80.24,
			"apparentTemperature": 83.32,
			"dewPoint": 69.45,
			"humidity": 0.7,
			"windSpeed": 3.66,
			"windBearing": 79,
			"cloudCover": 0.99,
			"pressure": 1014.69,
			"ozone": 250.84
		}, {
			"time": 1450330200,
			"summary": "Overcast",
			"icon": "cloudy",
			"precipIntensity": 0,
			"precipProbability": 0,
			"temperature": 81.81,
			"apparentTemperature": 85.53,
			"dewPoint": 69.89,
			"humidity": 0.67,
			"windSpeed": 4.8,
			"windBearing": 81,
			"cloudCover": 0.96,
			"pressure": 1014.58,
			"ozone": 250.52
		}, {
			"time": 1450333800,
			"summary": "Mostly Cloudy",
			"icon": "partly-cloudy-day",
			"precipIntensity": 0,
			"precipProbability": 0,
			"temperature": 83.43,
			"apparentTemperature": 88.13,
			"dewPoint": 70.83,
			"humidity": 0.66,
			"windSpeed": 5.47,
			"windBearing": 82,
			"cloudCover": 0.91,
			"pressure": 1014.11,
			"ozone": 250.02
		}, {
			"time": 1450337400,
			"summary": "Mostly Cloudy",
			"icon": "partly-cloudy-day",
			"precipIntensity": 0,
			"precipProbability": 0,
			"temperature": 84.94,
			"apparentTemperature": 90.88,
			"dewPoint": 71.97,
			"humidity": 0.65,
			"windSpeed": 5.8,
			"windBearing": 82,
			"cloudCover": 0.83,
			"pressure": 1013.16,
			"ozone": 249.27
		}, {
			"time": 1450341000,
			"summary": "Mostly Cloudy",
			"icon": "partly-cloudy-day",
			"precipIntensity": 0,
			"precipProbability": 0,
			"temperature": 85.87,
			"apparentTemperature": 92.82,
			"dewPoint": 72.85,
			"humidity": 0.65,
			"windSpeed": 6.02,
			"windBearing": 82,
			"cloudCover": 0.74,
			"pressure": 1012.11,
			"ozone": 248.5
		}, {
			"time": 1450344600,
			"summary": "Mostly Cloudy",
			"icon": "partly-cloudy-day",
			"precipIntensity": 0,
			"precipProbability": 0,
			"temperature": 85.06,
			"apparentTemperature": 91.35,
			"dewPoint": 72.38,
			"humidity": 0.66,
			"windSpeed": 6.32,
			"windBearing": 83,
			"cloudCover": 0.65,
			"pressure": 1011.48,
			"ozone": 247.92
		}, {
			"time": 1450348200,
			"summary": "Partly Cloudy",
			"icon": "partly-cloudy-day",
			"precipIntensity": 0,
			"precipProbability": 0,
			"temperature": 83.51,
			"apparentTemperature": 88.7,
			"dewPoint": 71.56,
			"humidity": 0.67,
			"windSpeed": 6.65,
			"windBearing": 83,
			"cloudCover": 0.57,
			"pressure": 1011.16,
			"ozone": 247.45
		}, {
			"time": 1450351800,
			"summary": "Partly Cloudy",
			"icon": "partly-cloudy-day",
			"precipIntensity": 0,
			"precipProbability": 0,
			"temperature": 81.77,
			"apparentTemperature": 85.86,
			"dewPoint": 70.7,
			"humidity": 0.69,
			"windSpeed": 6.92,
			"windBearing": 84,
			"cloudCover": 0.48,
			"pressure": 1011.14,
			"ozone": 247.11
		}, {
			"time": 1450355400,
			"summary": "Partly Cloudy",
			"icon": "partly-cloudy-night",
			"precipIntensity": 0,
			"precipProbability": 0,
			"temperature": 80.31,
			"apparentTemperature": 83.6,
			"dewPoint": 70.07,
			"humidity": 0.71,
			"windSpeed": 7.07,
			"windBearing": 84,
			"cloudCover": 0.36,
			"pressure": 1011.46,
			"ozone": 246.93
		}, {
			"time": 1450359000,
			"summary": "Clear",
			"icon": "clear-night",
			"precipIntensity": 0,
			"precipProbability": 0,
			"temperature": 79.16,
			"apparentTemperature": 79.16,
			"dewPoint": 69.8,
			"humidity": 0.73,
			"windSpeed": 7.11,
			"windBearing": 84,
			"cloudCover": 0.2,
			"pressure": 1012.25,
			"ozone": 246.96
		}, {
			"time": 1450362600,
			"summary": "Clear",
			"icon": "clear-night",
			"precipIntensity": 0,
			"precipProbability": 0,
			"temperature": 78.36,
			"apparentTemperature": 78.36,
			"dewPoint": 69.87,
			"humidity": 0.75,
			"windSpeed": 7.05,
			"windBearing": 83,
			"cloudCover": 0.06,
			"pressure": 1013.08,
			"ozone": 247.04
		}, {
			"time": 1450366200,
			"summary": "Clear",
			"icon": "clear-night",
			"precipIntensity": 0,
			"precipProbability": 0,
			"temperature": 77.88,
			"apparentTemperature": 77.88,
			"dewPoint": 70.15,
			"humidity": 0.77,
			"windSpeed": 6.85,
			"windBearing": 81,
			"cloudCover": 0,
			"pressure": 1013.59,
			"ozone": 247.04
		}, {
			"time": 1450369800,
			"summary": "Clear",
			"icon": "clear-night",
			"precipIntensity": 0,
			"precipProbability": 0,
			"temperature": 77.54,
			"apparentTemperature": 77.54,
			"dewPoint": 70.48,
			"humidity": 0.79,
			"windSpeed": 6.56,
			"windBearing": 75,
			"cloudCover": 0,
			"pressure": 1013.83,
			"ozone": 246.99
		}, {
			"time": 1450373400,
			"summary": "Clear",
			"icon": "clear-night",
			"precipIntensity": 0,
			"precipProbability": 0,
			"temperature": 77.17,
			"apparentTemperature": 77.17,
			"dewPoint": 70.69,
			"humidity": 0.8,
			"windSpeed": 6.25,
			"windBearing": 69,
			"cloudCover": 0,
			"pressure": 1013.83,
			"ozone": 246.95
		}, {
			"time": 1450377000,
			"summary": "Clear",
			"icon": "clear-night",
			"precipIntensity": 0,
			"precipProbability": 0,
			"temperature": 76.66,
			"apparentTemperature": 76.66,
			"dewPoint": 70.64,
			"humidity": 0.82,
			"windSpeed": 5.84,
			"windBearing": 64,
			"cloudCover": 0.02,
			"pressure": 1013.55,
			"ozone": 246.99
		}, {
			"time": 1450380600,
			"summary": "Clear",
			"icon": "clear-night",
			"precipIntensity": 0,
			"precipProbability": 0,
			"temperature": 75.87,
			"apparentTemperature": 75.87,
			"dewPoint": 70.32,
			"humidity": 0.83,
			"windSpeed": 5.18,
			"windBearing": 59,
			"cloudCover": 0.07,
			"pressure": 1012.92,
			"ozone": 247.08
		}, {
			"time": 1450384200,
			"summary": "Clear",
			"icon": "clear-night",
			"precipIntensity": 0,
			"precipProbability": 0,
			"temperature": 75.19,
			"apparentTemperature": 75.19,
			"dewPoint": 69.96,
			"humidity": 0.84,
			"windSpeed": 4.68,
			"windBearing": 54,
			"cloudCover": 0.12,
			"pressure": 1012.31,
			"ozone": 247.26
		}]
	},
	"daily": {
		"summary": "Light rain over the weekend, with temperatures falling to 83°F on Sunday.",
		"icon": "rain",
		"data": [{
			"time": 1450204200,
			"summary": "Partly cloudy until afternoon.",
			"icon": "partly-cloudy-day",
			"sunriseTime": 1450227290,
			"sunsetTime": 1450268183,
			"moonPhase": 0.16,
			"precipIntensity": 0,
			"precipIntensityMax": 0,
			"precipProbability": 0,
			"temperatureMin": 74.39,
			"temperatureMinTime": 1450222200,
			"temperatureMax": 85.88,
			"temperatureMaxTime": 1450251000,
			"apparentTemperatureMin": 74.39,
			"apparentTemperatureMinTime": 1450222200,
			"apparentTemperatureMax": 91.84,
			"apparentTemperatureMaxTime": 1450251000,
			"dewPoint": 68.63,
			"humidity": 0.72,
			"windSpeed": 5.63,
			"windBearing": 79,
			"visibility": 3.73,
			"cloudCover": 0.16,
			"pressure": 1013.14,
			"ozone": 251.58
		}, {
			"time": 1450290600,
			"summary": "Mostly cloudy until evening.",
			"icon": "partly-cloudy-day",
			"sunriseTime": 1450313721,
			"sunsetTime": 1450354608,
			"moonPhase": 0.2,
			"precipIntensity": 0,
			"precipIntensityMax": 0,
			"precipProbability": 0,
			"temperatureMin": 74.26,
			"temperatureMinTime": 1450301400,
			"temperatureMax": 85.87,
			"temperatureMaxTime": 1450341000,
			"apparentTemperatureMin": 74.26,
			"apparentTemperatureMinTime": 1450301400,
			"apparentTemperatureMax": 92.82,
			"apparentTemperatureMaxTime": 1450341000,
			"dewPoint": 69.9,
			"humidity": 0.74,
			"windSpeed": 5.18,
			"windBearing": 83,
			"cloudCover": 0.47,
			"pressure": 1013.02,
			"ozone": 249.23
		}, {
			"time": 1450377000,
			"summary": "Drizzle overnight.",
			"icon": "rain",
			"sunriseTime": 1450400151,
			"sunsetTime": 1450441034,
			"moonPhase": 0.24,
			"precipIntensity": 0.0005,
			"precipIntensityMax": 0.0009,
			"precipIntensityMaxTime": 1450398600,
			"precipProbability": 0.01,
			"precipType": "rain",
			"temperatureMin": 75.19,
			"temperatureMinTime": 1450384200,
			"temperatureMax": 85.73,
			"temperatureMaxTime": 1450427400,
			"apparentTemperatureMin": 75.19,
			"apparentTemperatureMinTime": 1450384200,
			"apparentTemperatureMax": 96.76,
			"apparentTemperatureMaxTime": 1450427400,
			"dewPoint": 73.45,
			"humidity": 0.79,
			"windSpeed": 6.7,
			"windBearing": 84,
			"cloudCover": 0.28,
			"pressure": 1013.18,
			"ozone": 247.18
		}, {
			"time": 1450463400,
			"summary": "Drizzle in the morning.",
			"icon": "rain",
			"sunriseTime": 1450486582,
			"sunsetTime": 1450527461,
			"moonPhase": 0.28,
			"precipIntensity": 0.0032,
			"precipIntensityMax": 0.0068,
			"precipIntensityMaxTime": 1450488600,
			"precipProbability": 0.31,
			"precipType": "rain",
			"temperatureMin": 78.77,
			"temperatureMinTime": 1450477800,
			"temperatureMax": 84.97,
			"temperatureMaxTime": 1450510200,
			"apparentTemperatureMin": 78.77,
			"apparentTemperatureMinTime": 1450477800,
			"apparentTemperatureMax": 93.94,
			"apparentTemperatureMaxTime": 1450510200,
			"dewPoint": 73.39,
			"humidity": 0.78,
			"windSpeed": 6.92,
			"windBearing": 90,
			"cloudCover": 0.45,
			"pressure": 1013.88,
			"ozone": 248.81
		}, {
			"time": 1450549800,
			"summary": "Light rain in the morning.",
			"icon": "rain",
			"sunriseTime": 1450573012,
			"sunsetTime": 1450613888,
			"moonPhase": 0.31,
			"precipIntensity": 0.0037,
			"precipIntensityMax": 0.0144,
			"precipIntensityMaxTime": 1450567800,
			"precipProbability": 0.53,
			"precipType": "rain",
			"temperatureMin": 78.97,
			"temperatureMinTime": 1450567800,
			"temperatureMax": 82.99,
			"temperatureMaxTime": 1450596600,
			"apparentTemperatureMin": 78.97,
			"apparentTemperatureMinTime": 1450567800,
			"apparentTemperatureMax": 89.29,
			"apparentTemperatureMaxTime": 1450596600,
			"dewPoint": 72.53,
			"humidity": 0.77,
			"windSpeed": 8.25,
			"windBearing": 79,
			"cloudCover": 0.38,
			"pressure": 1014.13,
			"ozone": 243.57
		}, {
			"time": 1450636200,
			"summary": "Mostly cloudy throughout the day.",
			"icon": "partly-cloudy-day",
			"sunriseTime": 1450659442,
			"sunsetTime": 1450700316,
			"moonPhase": 0.35,
			"precipIntensity": 0.0007,
			"precipIntensityMax": 0.001,
			"precipIntensityMaxTime": 1450668600,
			"precipProbability": 0.01,
			"precipType": "rain",
			"temperatureMin": 78.97,
			"temperatureMinTime": 1450650600,
			"temperatureMax": 83.95,
			"temperatureMaxTime": 1450683000,
			"apparentTemperatureMin": 78.97,
			"apparentTemperatureMinTime": 1450650600,
			"apparentTemperatureMax": 89.34,
			"apparentTemperatureMaxTime": 1450683000,
			"dewPoint": 71.3,
			"humidity": 0.72,
			"windSpeed": 7.17,
			"windBearing": 88,
			"cloudCover": 0.59,
			"pressure": 1013.71,
			"ozone": 239.96
		}, {
			"time": 1450722600,
			"summary": "Mostly cloudy until afternoon.",
			"icon": "partly-cloudy-day",
			"sunriseTime": 1450745871,
			"sunsetTime": 1450786745,
			"moonPhase": 0.39,
			"precipIntensity": 0.0016,
			"precipIntensityMax": 0.0033,
			"precipIntensityMaxTime": 1450773000,
			"precipProbability": 0.1,
			"precipType": "rain",
			"temperatureMin": 75.23,
			"temperatureMinTime": 1450805400,
			"temperatureMax": 84.65,
			"temperatureMaxTime": 1450776600,
			"apparentTemperatureMin": 75.23,
			"apparentTemperatureMinTime": 1450805400,
			"apparentTemperatureMax": 90.33,
			"apparentTemperatureMaxTime": 1450776600,
			"dewPoint": 70.79,
			"humidity": 0.73,
			"windSpeed": 5.08,
			"windBearing": 80,
			"cloudCover": 0.67,
			"pressure": 1014.18,
			"ozone": 241.76
		}]
	},
	"flags": {
		"sources": ["gfs", "cmc", "fnmoc", "isd", "madis"],
		"isd-stations": ["432450-99999", "432750-99999", "432780-99999", "432790-99999", "433030-99999"],
		"madis-stations": ["VOMM"],
		"units": "us"
	}
}